Value,Mean,Variance,Median
Year,2011.5437,47.578248134813464,2012.0
Engine_Size,3.000559999999999,1.320945780978098,3.0
Mileage,149239.1118,7451547929.512449,149587.0
Doors,3.4971,1.2323148214821484,3.0
Owner_Count,2.9911,2.0240231923192322,3.0
Price,8852.9644,9688258.90342298,8858.5
